{
  "config": {
    "tasks": [
      "SciFact",
      "NFCorpus",
      "FiQA2018"
    ],
    "model": "all-MiniLM-L6-v2",
    "max_queries": 25,
    "num_queries_train": 20,
    "epochs": 2,
    "learning_rate": 0.001,
    "stability_runs": 3
  },
  "task_results": [
    {
      "task": "SciFact",
      "status": "success",
      "corpus_size": 5183,
      "num_queries": 300,
      "num_qrels": 300,
      "ingest_time": 126.68107175827026,
      "retrieval_quality": {
        "ndcg_10": 0.7248475483333118,
        "ndcg_std": 0.36774784621438183,
        "ndcg_list": [
          0.43067655807339306,
          0.0,
          1.0,
          0.0,
          0.7977228895450266,
          0.5,
          0.0,
          1.0,
          1.0,
          1.0,
          1.0,
          1.0,
          1.0,
          1.0,
          0.0,
          1.0,
          0.6309297535714575,
          1.0,
          0.6309297535714575,
          0.5
        ],
        "time": 0.6995282173156738
      },
      "stability": {
        "avg_jaccard": 1.0,
        "jaccard_std": 0.0,
        "jaccard_list": [
          1.0,
          1.0,
          1.0,
          1.0,
          1.0,
          1.0,
          1.0,
          1.0,
          1.0,
          1.0,
          1.0,
          1.0,
          1.0,
          1.0,
          1.0,
          1.0,
          1.0,
          1.0,
          1.0,
          1.0
        ],
        "time": 3.5534775257110596
      },
      "learning_gain": {
        "pre_ndcg": 0.7248475483333118,
        "post_ndcg": 0.7248475483333118,
        "gain": 0.0,
        "gain_percent": 0.0,
        "sediment_time": 0.0016176700592041016,
        "time": 1.6106417179107666
      }
    },
    {
      "task": "NFCorpus",
      "status": "success",
      "corpus_size": 3633,
      "num_queries": 323,
      "num_qrels": 323,
      "ingest_time": 88.70208883285522,
      "retrieval_quality": {
        "ndcg_10": 0.6636597631661724,
        "ndcg_std": 0.3185242155638067,
        "ndcg_list": [
          0.8666655905705908,
          0.3834409525148764,
          0.6089330166087422,
          0.5730008572581421,
          0.5320451751942301,
          0.8968538122168034,
          1.0,
          0.0,
          0.891926909721812,
          0.4841275646907874,
          0.9777242507697853,
          0.8175295903539445,
          0.38685280723454163,
          0.9056713150452905,
          1.0,
          0.785791281352932,
          1.0,
          0.6309297535714575,
          0.9325210919548239,
          0.9279641043683683
        ],
        "time": 0.5011765956878662
      },
      "stability": {
        "avg_jaccard": 1.0,
        "jaccard_std": 0.0,
        "jaccard_list": [
          1.0,
          1.0,
          1.0,
          1.0,
          1.0,
          1.0,
          1.0,
          1.0,
          1.0,
          1.0,
          1.0,
          1.0,
          1.0,
          1.0,
          1.0,
          1.0,
          1.0,
          1.0,
          1.0,
          1.0
        ],
        "time": 1.371368646621704
      },
      "learning_gain": {
        "pre_ndcg": 0.6636597631661724,
        "post_ndcg": 0.6636597631661724,
        "gain": 0.0,
        "gain_percent": 0.0,
        "sediment_time": 0.000530242919921875,
        "time": 1.5216615200042725
      }
    },
    {
      "task": "FiQA2018",
      "status": "success",
      "corpus_size": 57638,
      "num_queries": 648,
      "num_qrels": 648,
      "ingest_time": 940.5120098590851,
      "retrieval_quality": {
        "ndcg_10": 0.4612910653161238,
        "ndcg_std": 0.42584107662333426,
        "ndcg_list": [
          0.8451850618939637,
          1.0,
          0.0,
          0.0,
          1.0,
          1.0,
          0.5012658353418871,
          1.0,
          0.45749452618986164,
          0.38685280723454163,
          1.0,
          0.0,
          0.0,
          0.0,
          0.8772153153380493,
          1.0,
          0.0,
          0.0,
          0.6309297535714575,
          0.0
        ],
        "time": 2.516730546951294
      },
      "stability": {
        "avg_jaccard": 1.0,
        "jaccard_std": 0.0,
        "jaccard_list": [
          1.0,
          1.0,
          1.0,
          1.0,
          1.0,
          1.0,
          1.0,
          1.0,
          1.0,
          1.0,
          1.0,
          1.0,
          1.0,
          1.0,
          1.0,
          1.0,
          1.0,
          1.0,
          1.0,
          1.0
        ],
        "time": 7.663985967636108
      },
      "learning_gain": {
        "pre_ndcg": 0.4612910653161238,
        "post_ndcg": 0.4612910653161238,
        "gain": 0.0,
        "gain_percent": 0.0,
        "sediment_time": 0.00200653076171875,
        "time": 7.190849542617798
      }
    }
  ],
  "aggregate_summary": {
    "num_tasks": 3,
    "num_successful": 3,
    "num_failed": 0,
    "aggregate_ndcg": {
      "mean": 0.616599458938536,
      "std": 0.1126247726171455,
      "min": 0.4612910653161238,
      "max": 0.7248475483333118
    },
    "aggregate_stability": {
      "mean": 1.0,
      "std": 0.0,
      "min": 1.0,
      "max": 1.0
    },
    "aggregate_learning_gain": {
      "mean_gain": 0.0,
      "mean_gain_percent": 0.0,
      "std_gain": 0.0,
      "positive_gains": 0,
      "negative_gains": 0
    }
  },
  "total_time": 1194.4932901859283
}