{
  "config": {
    "tasks": [
      "SciFact",
      "NFCorpus"
    ],
    "model": "all-MiniLM-L6-v2",
    "max_queries": 30,
    "num_queries_train": 20,
    "epochs": 3,
    "learning_rate": 0.001,
    "stability_runs": 3
  },
  "task_results": [
    {
      "task": "SciFact",
      "status": "success",
      "corpus_size": 5183,
      "num_queries": 300,
      "num_qrels": 300,
      "ingest_time": 111.17909955978394,
      "retrieval_quality": {
        "ndcg_10": 0.6933316979264323,
        "ndcg_std": 0.38967995550444956,
        "ndcg_list": [
          0.43067655807339306,
          0.0,
          1.0,
          0.0,
          0.7977228895450266,
          0.5,
          0.0,
          1.0,
          1.0,
          1.0,
          1.0,
          1.0,
          1.0,
          1.0,
          0.0,
          1.0,
          0.6309297535714575,
          1.0,
          0.6309297535714575,
          0.5
        ],
        "time": 0.6306314468383789
      },
      "stability": {
        "avg_jaccard": 1.0,
        "jaccard_std": 0.0,
        "jaccard_list": [
          1.0,
          1.0,
          1.0,
          1.0,
          1.0,
          1.0,
          1.0,
          1.0,
          1.0,
          1.0,
          1.0,
          1.0,
          1.0,
          1.0,
          1.0,
          1.0,
          1.0,
          1.0,
          1.0,
          1.0
        ],
        "time": 2.0082337856292725
      },
      "learning_gain": {
        "pre_ndcg": 0.6933316979264323,
        "post_ndcg": 0.6933316979264323,
        "gain": 0.0,
        "gain_percent": 0.0,
        "sediment_time": 0.00199127197265625,
        "time": 2.438654899597168
      }
    },
    {
      "task": "NFCorpus",
      "status": "success",
      "corpus_size": 3633,
      "num_queries": 323,
      "num_qrels": 323,
      "ingest_time": 76.91003656387329,
      "retrieval_quality": {
        "ndcg_10": 0.6598717496766324,
        "ndcg_std": 0.3229727374081069,
        "ndcg_list": [
          0.8666655905705908,
          0.3834409525148764,
          0.6089330166087422,
          0.5730008572581421,
          0.5320451751942301,
          0.8968538122168034,
          1.0,
          0.0,
          0.891926909721812,
          0.4841275646907874,
          0.9777242507697853,
          0.8175295903539445,
          0.38685280723454163,
          0.9056713150452905,
          1.0,
          0.785791281352932,
          1.0,
          0.6309297535714575,
          0.9325210919548239,
          0.9279641043683683
        ],
        "time": 0.6615610122680664
      },
      "stability": {
        "avg_jaccard": 1.0,
        "jaccard_std": 0.0,
        "jaccard_list": [
          1.0,
          1.0,
          1.0,
          1.0,
          1.0,
          1.0,
          1.0,
          1.0,
          1.0,
          1.0,
          1.0,
          1.0,
          1.0,
          1.0,
          1.0,
          1.0,
          1.0,
          1.0,
          1.0,
          1.0
        ],
        "time": 1.5930793285369873
      },
      "learning_gain": {
        "pre_ndcg": 0.6598717496766324,
        "post_ndcg": 0.6598717496766324,
        "gain": 0.0,
        "gain_percent": 0.0,
        "sediment_time": 0.0,
        "time": 1.4662690162658691
      }
    }
  ],
  "aggregate_summary": {
    "num_tasks": 2,
    "num_successful": 2,
    "num_failed": 0,
    "aggregate_ndcg": {
      "mean": 0.6766017238015324,
      "std": 0.01672997412489996,
      "min": 0.6598717496766324,
      "max": 0.6933316979264323
    },
    "aggregate_stability": {
      "mean": 1.0,
      "std": 0.0,
      "min": 1.0,
      "max": 1.0
    },
    "aggregate_learning_gain": {
      "mean_gain": 0.0,
      "mean_gain_percent": 0.0,
      "std_gain": 0.0,
      "positive_gains": 0,
      "negative_gains": 0
    }
  },
  "total_time": 202.405925989151
}