{
  "baseline": [
    {
      "cycle": 1,
      "ndcg": 0.7230470145300757,
      "ndcg_std": 0.3759358316260864,
      "query_time": 0.11327290534973145,
      "sediment_time": 0.0015170574188232422,
      "eval_time": 1.9846265316009521
    }
  ],
  "offline": {
    "pretraining_time": 101.3353214263916,
    "cycles": [
      {
        "cycle": 1,
        "ndcg": 0.7245011977382905,
        "ndcg_std": 0.3751621806379098,
        "query_time": 0.09893798828125,
        "sediment_time": 0.0020117759704589844,
        "eval_time": 2.097121000289917
      }
    ]
  },
  "hybrid": [
    {
      "cycle": 1,
      "ndcg": 0.7230470145300757,
      "ndcg_std": 0.3759358316260864,
      "query_time": 0.09914970397949219,
      "sediment_time": 0.0016531944274902344,
      "eval_time": 2.057504415512085
    }
  ]
}